ID,Name
1,Student1
2,Student2
3,Student3
4,Student4
5,Student5
6,Student6
7,Student7
8,Student8
9,Student9
10,Student10
11,Student11
12,Student12
13,Student13
14,Student14
15,Student15
16,Student16
17,Student17
18,Student18
19,Student19
20,Student20
21,Student21
22,Student22
23,Student23
24,Student24
25,Student25
26,Student26
27,Student27
28,Student28
29,Student29
30,Student30
31,Student31
32,Student32
33,Student33
34,Student34
35,Student35
36,Student36
37,Student37
38,Student38
39,Student39
40,Student40
41,Student41
42,Student42
43,Student43
44,Student44
45,Student45
46,Student46
47,Student47
48,Student48
49,Student49
50,Student50
51,Student51
52,Student52
53,Student53
54,Student54
55,Student55
56,Student56
57,Student57
58,Student58
59,Student59
60,Student60
61,Student61
62,Student62
63,Student63
64,Student64
65,Student65
66,Student66
67,Student67
68,Student68
69,Student69
70,Student70
71,Student71
72,Student72
73,Student73
74,Student74
75,Student75
76,Student76
77,Student77
78,Student78
79,Student79
80,Student80
81,Student81
82,Student82
83,Student83
84,Student84
85,Student85
86,Student86
87,Student87
88,Student88
89,Student89
90,Student90
91,Student91
92,Student92
93,Student93
94,Student94
95,Student95
96,Student96
97,Student97
98,Student98
99,Student99
100,Student100
101,Student101
102,Student102
103,Student103
104,Student104
105,Student105
106,Student106
107,Student107
108,Student108
109,Student109
110,Student110
111,Student111
112,Student112
113,Student113
114,Student114
115,Student115
116,Student116
117,Student117
118,Student118
119,Student119
120,Student120
121,Student121
122,Student122
123,Student123
124,Student124
125,Student125
126,Student126
127,Student127
128,Student128
129,Student129
130,Student130
131,Student131
132,Student132
133,Student133
134,Student134
135,Student135
136,Student136
137,Student137
138,Student138
139,Student139
140,Student140
141,Student141
142,Student142
143,Student143
144,Student144
145,Student145
146,Student146
147,Student147
148,Student148
149,Student149
150,Student150
151,Student151
152,Student152
153,Student153
154,Student154
155,Student155
156,Student156
157,Student157
158,Student158
159,Student159
160,Student160
161,Student161
162,Student162
163,Student163
164,Student164
165,Student165
166,Student166
167,Student167
168,Student168
169,Student169
170,Student170
171,Student171
172,Student172
173,Student173
174,Student174
175,Student175
176,Student176
177,Student177
178,Student178
179,Student179
180,Student180
181,Student181
182,Student182
183,Student183
184,Student184
185,Student185
186,Student186
187,Student187
188,Student188
189,Student189
190,Student190
191,Student191
192,Student192
193,Student193
194,Student194
195,Student195
196,Student196
197,Student197
198,Student198
199,Student199
200,Student200
201,Student201
202,Student202
203,Student203
204,Student204
205,Student205
206,Student206
207,Student207
208,Student208
209,Student209
210,Student210
211,Student211
212,Student212
213,Student213
214,Student214
215,Student215
216,Student216
217,Student217
218,Student218
219,Student219
220,Student220
221,Student221
222,Student222
223,Student223
224,Student224
225,Student225
226,Student226
227,Student227
228,Student228
229,Student229
230,Student230
231,Student231
232,Student232
233,Student233
234,Student234
235,Student235
236,Student236
237,Student237
238,Student238
239,Student239
240,Student240
241,Student241
242,Student242
243,Student243
244,Student244
245,Student245
246,Student246
247,Student247
248,Student248
249,Student249
250,Student250
251,Student251
252,Student252
253,Student253
254,Student254
255,Student255
256,Student256
257,Student257
258,Student258
259,Student259
260,Student260
261,Student261
262,Student262
263,Student263
264,Student264
265,Student265
266,Student266
267,Student267
268,Student268
269,Student269
270,Student270
271,Student271
272,Student272
273,Student273
274,Student274
275,Student275
276,Student276
277,Student277
278,Student278
279,Student279
280,Student280
281,Student281
282,Student282
283,Student283
284,Student284
285,Student285
286,Student286
287,Student287
288,Student288
289,Student289
290,Student290
291,Student291
292,Student292
293,Student293
294,Student294
295,Student295
296,Student296
297,Student297
298,Student298
299,Student299
300,Student300
301,Student301
302,Student302
303,Student303
304,Student304
305,Student305
306,Student306
307,Student307
308,Student308
309,Student309
310,Student310
311,Student311
312,Student312
313,Student313
314,Student314
315,Student315
316,Student316
317,Student317
318,Student318
319,Student319
320,Student320
321,Student321
322,Student322
323,Student323
324,Student324
325,Student325
326,Student326
327,Student327
328,Student328
329,Student329
330,Student330
331,Student331
332,Student332
333,Student333
334,Student334
335,Student335
336,Student336
337,Student337
338,Student338
339,Student339
340,Student340
341,Student341
342,Student342
343,Student343
344,Student344
345,Student345
346,Student346
347,Student347
348,Student348
349,Student349
350,Student350
351,Student351
352,Student352
353,Student353
354,Student354
355,Student355
356,Student356
357,Student357
358,Student358
359,Student359
360,Student360
361,Student361
362,Student362
363,Student363
364,Student364
365,Student365
366,Student366
367,Student367
368,Student368
369,Student369
370,Student370
371,Student371
372,Student372
373,Student373
374,Student374
375,Student375
376,Student376
377,Student377
378,Student378
379,Student379
380,Student380
381,Student381
382,Student382
383,Student383
384,Student384
385,Student385
386,Student386
387,Student387
388,Student388
389,Student389
390,Student390
391,Student391
392,Student392
393,Student393
394,Student394
395,Student395
396,Student396
397,Student397
398,Student398
399,Student399
400,Student400
401,Student401
402,Student402
403,Student403
404,Student404
405,Student405
406,Student406
407,Student407
408,Student408
409,Student409
410,Student410
411,Student411
412,Student412
413,Student413
414,Student414
415,Student415
416,Student416
417,Student417
418,Student418
419,Student419
420,Student420
421,Student421
422,Student422
423,Student423
424,Student424
425,Student425
426,Student426
427,Student427
428,Student428
429,Student429
430,Student430
431,Student431
432,Student432
433,Student433
434,Student434
435,Student435
436,Student436
437,Student437
438,Student438
439,Student439
440,Student440
441,Student441
442,Student442
443,Student443
444,Student444
445,Student445
446,Student446
447,Student447
448,Student448
449,Student449
450,Student450
451,Student451
452,Student452
453,Student453
454,Student454
455,Student455
456,Student456
457,Student457
458,Student458
459,Student459
460,Student460
461,Student461
462,Student462
463,Student463
464,Student464
465,Student465
466,Student466
467,Student467
468,Student468
469,Student469
470,Student470
471,Student471
472,Student472
473,Student473
474,Student474
475,Student475
476,Student476
477,Student477
478,Student478
479,Student479
480,Student480
481,Student481
482,Student482
483,Student483
484,Student484
485,Student485
486,Student486
487,Student487
488,Student488
489,Student489
490,Student490
491,Student491
492,Student492
493,Student493
494,Student494
495,Student495
496,Student496
497,Student497
498,Student498
499,Student499
500,Student500
501,Student501
502,Student502
503,Student503
504,Student504
505,Student505
506,Student506
507,Student507
508,Student508
509,Student509
510,Student510
511,Student511
512,Student512
513,Student513
514,Student514
515,Student515
516,Student516
517,Student517
518,Student518
519,Student519
520,Student520
521,Student521
522,Student522
523,Student523
524,Student524
525,Student525
526,Student526
527,Student527
528,Student528
529,Student529
530,Student530
531,Student531
532,Student532
533,Student533
534,Student534
535,Student535
536,Student536
537,Student537
538,Student538
539,Student539
540,Student540
541,Student541
542,Student542
543,Student543
544,Student544
545,Student545
546,Student546
547,Student547
548,Student548
549,Student549
550,Student550
551,Student551
552,Student552
553,Student553
554,Student554
555,Student555
556,Student556
557,Student557
558,Student558
559,Student559
560,Student560
561,Student561
562,Student562
563,Student563
564,Student564
565,Student565
566,Student566
567,Student567
568,Student568
569,Student569
570,Student570
571,Student571
572,Student572
573,Student573
574,Student574
575,Student575
576,Student576
577,Student577
578,Student578
579,Student579
580,Student580
581,Student581
582,Student582
583,Student583
584,Student584
585,Student585
586,Student586
587,Student587
588,Student588
589,Student589
590,Student590
591,Student591
592,Student592
593,Student593
594,Student594
595,Student595
596,Student596
597,Student597
598,Student598
599,Student599
600,Student600
601,Student601
602,Student602
603,Student603
604,Student604
605,Student605
606,Student606
607,Student607
608,Student608
609,Student609
610,Student610
611,Student611
612,Student612
613,Student613
614,Student614
615,Student615
616,Student616
617,Student617
618,Student618
619,Student619
620,Student620
621,Student621
622,Student622
623,Student623
624,Student624
625,Student625
626,Student626
627,Student627
628,Student628
629,Student629
630,Student630
631,Student631
632,Student632
633,Student633
634,Student634
635,Student635
636,Student636
637,Student637
638,Student638
639,Student639
640,Student640
641,Student641
642,Student642
643,Student643
644,Student644
645,Student645
646,Student646
647,Student647
648,Student648
649,Student649
650,Student650
651,Student651
652,Student652
653,Student653
654,Student654
655,Student655
656,Student656
657,Student657
658,Student658
659,Student659
660,Student660
661,Student661
662,Student662
663,Student663
664,Student664
665,Student665
666,Student666
667,Student667
668,Student668
669,Student669
670,Student670
671,Student671
672,Student672
673,Student673
674,Student674
675,Student675
676,Student676
677,Student677
678,Student678
679,Student679
680,Student680
681,Student681
682,Student682
683,Student683
684,Student684
685,Student685
686,Student686
687,Student687
688,Student688
689,Student689
690,Student690
691,Student691
692,Student692
693,Student693
694,Student694
695,Student695
696,Student696
697,Student697
698,Student698
699,Student699
700,Student700
701,Student701
702,Student702
703,Student703
704,Student704
705,Student705
706,Student706
707,Student707
708,Student708
709,Student709
710,Student710
711,Student711
712,Student712
713,Student713
714,Student714
715,Student715
716,Student716
717,Student717
718,Student718
719,Student719
720,Student720
721,Student721
722,Student722
723,Student723
724,Student724
725,Student725
726,Student726
727,Student727
728,Student728
729,Student729
730,Student730
731,Student731
732,Student732
733,Student733
734,Student734
735,Student735
736,Student736
737,Student737
738,Student738
739,Student739
740,Student740
741,Student741
742,Student742
743,Student743
744,Student744
745,Student745
746,Student746
747,Student747
748,Student748
749,Student749
750,Student750
751,Student751
752,Student752
753,Student753
754,Student754
755,Student755
756,Student756
757,Student757
758,Student758
759,Student759
760,Student760
761,Student761
762,Student762
763,Student763
764,Student764
765,Student765
766,Student766
767,Student767
768,Student768
769,Student769
770,Student770
771,Student771
772,Student772
773,Student773
774,Student774
775,Student775
776,Student776
777,Student777
778,Student778
779,Student779
780,Student780
781,Student781
782,Student782
783,Student783
784,Student784
785,Student785
786,Student786
787,Student787
788,Student788
789,Student789
790,Student790
791,Student791
792,Student792
793,Student793
794,Student794
795,Student795
796,Student796
797,Student797
798,Student798
799,Student799
800,Student800
801,Student801
802,Student802
803,Student803
804,Student804
805,Student805
806,Student806
807,Student807
808,Student808
809,Student809
810,Student810
811,Student811
812,Student812
813,Student813
814,Student814
815,Student815
816,Student816
817,Student817
818,Student818
819,Student819
820,Student820
821,Student821
822,Student822
823,Student823
824,Student824
825,Student825
826,Student826
827,Student827
828,Student828
829,Student829
830,Student830
831,Student831
832,Student832
833,Student833
834,Student834
835,Student835
836,Student836
837,Student837
838,Student838
839,Student839
840,Student840
841,Student841
842,Student842
843,Student843
844,Student844
845,Student845
846,Student846
847,Student847
848,Student848
849,Student849
850,Student850
851,Student851
852,Student852
853,Student853
854,Student854
855,Student855
856,Student856
857,Student857
858,Student858
859,Student859
860,Student860
861,Student861
862,Student862
863,Student863
864,Student864
865,Student865
866,Student866
867,Student867
868,Student868
869,Student869
870,Student870
871,Student871
872,Student872
873,Student873
874,Student874
875,Student875
876,Student876
877,Student877
878,Student878
879,Student879
880,Student880
881,Student881
882,Student882
883,Student883
884,Student884
885,Student885
886,Student886
887,Student887
888,Student888
889,Student889
890,Student890
891,Student891
892,Student892
893,Student893
894,Student894
895,Student895
896,Student896
897,Student897
898,Student898
899,Student899
900,Student900
901,Student901
902,Student902
903,Student903
904,Student904
905,Student905
906,Student906
907,Student907
908,Student908
909,Student909
910,Student910
911,Student911
912,Student912
913,Student913
914,Student914
915,Student915
916,Student916
917,Student917
918,Student918
919,Student919
920,Student920
921,Student921
922,Student922
923,Student923
924,Student924
925,Student925
926,Student926
927,Student927
928,Student928
929,Student929
930,Student930
931,Student931
932,Student932
933,Student933
934,Student934
935,Student935
936,Student936
937,Student937
938,Student938
939,Student939
940,Student940
941,Student941
942,Student942
943,Student943
944,Student944
945,Student945
946,Student946
947,Student947
948,Student948
949,Student949
950,Student950
951,Student951
952,Student952
953,Student953
954,Student954
955,Student955
956,Student956
957,Student957
958,Student958
959,Student959
960,Student960
961,Student961
962,Student962
963,Student963
964,Student964
965,Student965
966,Student966
967,Student967
968,Student968
969,Student969
970,Student970
971,Student971
972,Student972
973,Student973
974,Student974
975,Student975
976,Student976
977,Student977
978,Student978
979,Student979
980,Student980
981,Student981
982,Student982
983,Student983
984,Student984
985,Student985
986,Student986
987,Student987
988,Student988
989,Student989
990,Student990
991,Student991
992,Student992
993,Student993
994,Student994
995,Student995
996,Student996
997,Student997
998,Student998
999,Student999
1000,Student1000
